{
  "entity_id": {
    "site": 100,
    "application": 1,
    "entity": 42
  },
  "source": "mock-lattice",
  "exercise_id": 7,
  "force_id": 1,
  "marking": "ALPHA4-01",
  "entity_type": [1, 2, 840, 1, 2, 3, 4],
  "alternate_entity_type": [1, 2, 840, 1, 2, 3, 4],
  "timestamp": 268435456,
  "location_ecef_m": [-742846.0374412183, -5463253.277037496, 3196071.751272856],
  "orientation_dis_deg": [10.0, 2.5, -1.25],
  "velocity_mps": [119.6917626340271, -10.387847263564726, 13.963330075184972],
  "appearance": 16909060,
  "metadata": {
    "dead_reckoning": {
      "algorithm": 4,
      "algorithm_name": "DRM_RVW",
      "parameters": [1, 2, 3, 4, 5, 6, 7, 8, 9, 10, 11, 12, 13, 14, 15],
      "linear_acceleration_mps2": [0.5, 0.6, 0.7],
      "angular_velocity_rps": [1.5, 1.6, 1.7],
      "extrapolated": false
    },
    "track_id": "trk-42"
  }
}
