{
  "generated_at": "2026-06-19T21:03:16.463902+00:00",
  "schema": "fastdis.send_benchmark_report.v1",
  "packets": 500,
  "entity_count": 16,
  "rounds": 2,
  "results": [
    {
      "case": "python_send_entity",
      "command": [
        "/Library/Frameworks/Python.framework/Versions/3.12/bin/python3",
        "-m",
        "fastdis.tools.send_entity",
        "--dst",
        "127.0.0.1",
        "--port",
        "59881",
        "--count",
        "500",
        "--entity-count",
        "16",
        "--entity",
        "0"
      ],
      "rounds": 2,
      "packets": 500,
      "packets_received": 500,
      "bytes_received": 72000,
      "best_ms": 96.54283290728927,
      "avg_ms": 106.68318741954863,
      "p50_ms": 106.68318741954863,
      "p95_ms": 115.80950648058206,
      "p99_ms": 116.62073484156281,
      "worst_ms": 116.823541931808,
      "best_mpps": 0.005179048355460559,
      "avg_mpps": 0.004686774102780322,
      "best_mbytes_per_sec": 0.7112340576041417,
      "status": "passed",
      "errors": []
    },
    {
      "case": "python_replay_send",
      "command": [
        "/Library/Frameworks/Python.framework/Versions/3.12/bin/python3",
        "-m",
        "fastdis.tools.replay_send",
        "/var/folders/v8/h5gvd6pd54x7vhtkwqh5s34w0000gn/T/fastdis_send_bench_9i3hw3eo/expected_session.fastdispkt",
        "--dst",
        "127.0.0.1",
        "--port",
        "49203"
      ],
      "rounds": 2,
      "packets": 500,
      "packets_received": 500,
      "bytes_received": 72000,
      "best_ms": 79.55266698263586,
      "avg_ms": 80.2706255344674,
      "p50_ms": 80.2706255344674,
      "p95_ms": 80.91678823111579,
      "p99_ms": 80.97422491526231,
      "worst_ms": 80.98858408629894,
      "best_mpps": 0.0062851444076555745,
      "avg_mpps": 0.006228928660650651,
      "best_mbytes_per_sec": 0.8631332346939112,
      "status": "passed",
      "errors": []
    },
    {
      "case": "c_udp_send",
      "command": [
        "/Users/rick/Library/Mobile Documents/com~apple~CloudDocs/GIT/fastdis/build/fastdis_udp_send_c",
        "127.0.0.1",
        "57710",
        "/var/folders/v8/h5gvd6pd54x7vhtkwqh5s34w0000gn/T/fastdis_send_bench_9i3hw3eo/expected_session.fastdispkt",
        "--json"
      ],
      "rounds": 2,
      "packets": 500,
      "packets_received": 500,
      "bytes_received": 72000,
      "best_ms": 10.347458999603987,
      "avg_ms": 14.379500527866185,
      "p50_ms": 14.379500527866185,
      "p95_ms": 18.008337903302163,
      "p99_ms": 18.33090122556314,
      "worst_ms": 18.411542056128383,
      "best_mpps": 0.04832104191175204,
      "avg_mpps": 0.034771722357883346,
      "best_mbytes_per_sec": 6.635885272304814,
      "status": "passed",
      "errors": []
    },
    {
      "case": "cpp_udp_send",
      "command": [
        "/Users/rick/Library/Mobile Documents/com~apple~CloudDocs/GIT/fastdis/build/fastdis_udp_send_cpp",
        "127.0.0.1",
        "56747",
        "/var/folders/v8/h5gvd6pd54x7vhtkwqh5s34w0000gn/T/fastdis_send_bench_9i3hw3eo/expected_session.fastdispkt",
        "--json"
      ],
      "rounds": 2,
      "packets": 500,
      "packets_received": 500,
      "bytes_received": 72000,
      "best_ms": 9.185582865029573,
      "avg_ms": 15.508353943005204,
      "p50_ms": 15.508353943005204,
      "p95_ms": 21.198847913183272,
      "p99_ms": 21.704669599421322,
      "worst_ms": 21.831125020980835,
      "best_mpps": 0.05443312714575247,
      "avg_mpps": 0.03224068794390116,
      "best_mbytes_per_sec": 7.475252446163516,
      "status": "passed",
      "errors": []
    },
    {
      "case": "godot_udp_send",
      "command": [
        "/opt/homebrew/bin/godot",
        "--headless",
        "--path",
        "/tmp/fastdis_godot/repo/examples/godot/fastdis_demo",
        "--script",
        "/tmp/fastdis_godot/repo/examples/godot/fastdis_demo/scripts/run_udp_send_smoke.gd"
      ],
      "rounds": 2,
      "packets": 500,
      "packets_received": 500,
      "bytes_received": 72000,
      "best_ms": 414.47887499816716,
      "avg_ms": 448.99662502575666,
      "p50_ms": 448.99662502575666,
      "p95_ms": 480.0626000505872,
      "p99_ms": 482.82402005279437,
      "worst_ms": 483.51437505334616,
      "best_mpps": 0.0012063340984560698,
      "avg_mpps": 0.0011135941165956818,
      "best_mbytes_per_sec": 0.16566477792518047,
      "status": "passed",
      "errors": []
    }
  ]
}
