{
  "schema": "fastdis.orientation_visual_sidecar.v1",
  "engine": "unreal",
  "label": "good",
  "case": "adelaide_heading_135_pitch_20_roll_30",
  "camera": "side_east",
  "config_hash": "sha256:7ddcef59770b466a8d275ebeab61a04d47a8bcaaa3d6651846624be6ac46e4d0",
  "expected": {
    "forward_screen": [
      [
        320.0,
        210.0
      ],
      [
        246.90906731721,
        172.37778423414
      ]
    ],
    "right_screen": [
      [
        320.0,
        210.0
      ],
      [
        239.3375701278,
        261.68309414323
      ]
    ],
    "up_screen": [
      [
        320.0,
        210.0
      ],
      [
        304.14793493952,
        120.48225505161
      ]
    ]
  },
  "actual": {
    "forward_screen": [
      [
        320.0,
        210.0
      ],
      [
        246.90906731724533,
        172.37778423417677
      ]
    ],
    "right_screen": [
      [
        320.0,
        210.0
      ],
      [
        239.33757012782422,
        261.6830941432242
      ]
    ],
    "up_screen": [
      [
        320.0,
        210.0
      ],
      [
        304.14793493953084,
        120.4822550515683
      ]
    ]
  },
  "actual_engine_basis": {
    "forward": [
      -0.664463024388679,
      0.6644630243886721,
      0.3420201433256657
    ],
    "right": [
      -0.7332948170197799,
      -0.491450054371817,
      -0.46984631039294733
    ],
    "up": [
      -0.14410968236790153,
      -0.5629970988186327,
      0.813797681349379
    ]
  },
  "max_angle_error_deg": 0.0,
  "visual_projection_error_px": 5.0996855509728835e-11,
  "visual_projection_angle_error_deg": 0.0,
  "failure_signature": null,
  "pass": true
}
