{
  "schema": "fastdis.orientation_visual_sidecar.v1",
  "engine": "unreal",
  "label": "good",
  "case": "level_west",
  "camera": "side_east",
  "config_hash": "sha256:7ddcef59770b466a8d275ebeab61a04d47a8bcaaa3d6651846624be6ac46e4d0",
  "expected": {
    "forward_screen": [
      [
        320.0,
        210.0
      ],
      [
        320.0,
        210.0
      ]
    ],
    "right_screen": [
      [
        320.0,
        210.0
      ],
      [
        430.0,
        210.0
      ]
    ],
    "up_screen": [
      [
        320.0,
        210.0
      ],
      [
        320.0,
        100.0
      ]
    ]
  },
  "actual": {
    "forward_screen": [
      [
        320.0,
        210.0
      ],
      [
        320.0,
        210.00000000000003
      ]
    ],
    "right_screen": [
      [
        320.0,
        210.0
      ],
      [
        430.0,
        210.0
      ]
    ],
    "up_screen": [
      [
        320.0,
        210.0
      ],
      [
        320.0,
        100.0
      ]
    ]
  },
  "actual_engine_basis": {
    "forward": [
      9.020562075079397e-17,
      -1.0,
      -1.6653345369377348e-16
    ],
    "right": [
      1.0,
      8.326672684688674e-17,
      5.551115123125783e-17
    ],
    "up": [
      -1.1188966420050406e-16,
      -1.5265566588595902e-16,
      1.0
    ]
  },
  "max_angle_error_deg": 0.0,
  "visual_projection_error_px": 2.842170943040401e-14,
  "visual_projection_angle_error_deg": 0.0,
  "failure_signature": null,
  "pass": true
}
