{
  "schema": "fastdis.orientation_visual_sidecar.v1",
  "engine": "unreal",
  "label": "good",
  "case": "climb_north_20deg",
  "camera": "perspective",
  "config_hash": "sha256:7ddcef59770b466a8d275ebeab61a04d47a8bcaaa3d6651846624be6ac46e4d0",
  "expected": {
    "forward_screen": [
      [
        320.0,
        210.0
      ],
      [
        393.09093268385027,
        137.08251980005204
      ]
    ],
    "right_screen": [
      [
        320.0,
        210.0
      ],
      [
        242.21825406947977,
        165.0926880453084
      ]
    ],
    "up_screen": [
      [
        320.0,
        210.0
      ],
      [
        293.3970761107193,
        140.9610659527234
      ]
    ]
  },
  "actual": {
    "forward_screen": [
      [
        320.0,
        210.0
      ],
      [
        393.0909326827542,
        137.08251979837945
      ]
    ],
    "right_screen": [
      [
        320.0,
        210.0
      ],
      [
        242.21825406947977,
        165.0926880453084
      ]
    ],
    "up_screen": [
      [
        320.0,
        210.0
      ],
      [
        293.39707610872273,
        140.96106595514175
      ]
    ]
  },
  "actual_engine_basis": {
    "forward": [
      0.9396926207859084,
      -1.7347234759768074e-17,
      0.34202014332566877
    ],
    "right": [
      3.813361422201451e-18,
      1.0,
      3.7789094665969197e-17
    ],
    "up": [
      -0.3420201433256688,
      -2.775557561562892e-17,
      0.9396926207859084
    ]
  },
  "max_angle_error_deg": 0.0,
  "visual_projection_error_px": 3.1360299937530733e-09,
  "visual_projection_angle_error_deg": 0.0,
  "failure_signature": null,
  "pass": true
}
