{
  "schema": "fastdis.orientation_visual_sidecar.v1",
  "engine": "unreal",
  "label": "good",
  "case": "bank_right_30deg",
  "camera": "side_east",
  "config_hash": "sha256:7ddcef59770b466a8d275ebeab61a04d47a8bcaaa3d6651846624be6ac46e4d0",
  "expected": {
    "forward_screen": [
      [
        320.0,
        210.0
      ],
      [
        430.0,
        210.0
      ]
    ],
    "right_screen": [
      [
        320.0,
        210.0
      ],
      [
        320.0,
        265.0
      ]
    ],
    "up_screen": [
      [
        320.0,
        210.0
      ],
      [
        320.0,
        114.737205582
      ]
    ]
  },
  "actual": {
    "forward_screen": [
      [
        320.0,
        210.0
      ],
      [
        430.0,
        210.0
      ]
    ],
    "right_screen": [
      [
        320.0,
        210.0
      ],
      [
        320.0,
        265.0
      ]
    ],
    "up_screen": [
      [
        320.0,
        210.0
      ],
      [
        320.0,
        114.73720558371174
      ]
    ]
  },
  "actual_engine_basis": {
    "forward": [
      1.0,
      -4.85722573273506e-17,
      -1.0148132334464322e-16
    ],
    "right": [
      5.551115123125782e-17,
      0.8660254037844387,
      -0.49999999999999994
    ],
    "up": [
      -2.7755575615628914e-17,
      0.5,
      0.8660254037844387
    ]
  },
  "max_angle_error_deg": 0.0,
  "visual_projection_error_px": 1.711740083010227e-09,
  "visual_projection_angle_error_deg": 0.0,
  "failure_signature": null,
  "pass": true
}
