{
  "schema": "fastdis.orientation_visual_sidecar.v1",
  "engine": "unreal",
  "label": "good",
  "case": "adelaide_heading_135_pitch_20_roll_30",
  "camera": "perspective",
  "config_hash": "sha256:7ddcef59770b466a8d275ebeab61a04d47a8bcaaa3d6651846624be6ac46e4d0",
  "expected": {
    "forward_screen": [
      [
        320.0,
        210.0
      ],
      [
        216.63381171349945,
        179.28158946150418
      ]
    ],
    "right_screen": [
      [
        320.0,
        210.0
      ],
      [
        301.1888921170863,
        307.1990696624995
      ]
    ],
    "up_screen": [
      [
        320.0,
        210.0
      ],
      [
        352.5817945998837,
        168.66333212830574
      ]
    ]
  },
  "actual": {
    "forward_screen": [
      [
        320.0,
        210.0
      ],
      [
        216.63381171354993,
        179.2815894615345
      ]
    ],
    "right_screen": [
      [
        320.0,
        210.0
      ],
      [
        301.18889211708915,
        307.1990696624767
      ]
    ],
    "up_screen": [
      [
        320.0,
        210.0
      ],
      [
        352.5817945998628,
        168.66333212825077
      ]
    ]
  },
  "actual_engine_basis": {
    "forward": [
      -0.664463024388679,
      0.6644630243886721,
      0.3420201433256657
    ],
    "right": [
      -0.7332948170197799,
      -0.491450054371817,
      -0.46984631039294733
    ],
    "up": [
      -0.14410968236790153,
      -0.5629970988186327,
      0.813797681349379
    ]
  },
  "max_angle_error_deg": 0.0,
  "visual_projection_error_px": 5.888622226001264e-11,
  "visual_projection_angle_error_deg": 0.0,
  "failure_signature": null,
  "pass": true
}
