{
  "schema": "fastdis.orientation_visual_sidecar.v1",
  "engine": "unreal",
  "label": "good",
  "case": "level_south",
  "camera": "top_down",
  "config_hash": "sha256:7ddcef59770b466a8d275ebeab61a04d47a8bcaaa3d6651846624be6ac46e4d0",
  "expected": {
    "forward_screen": [
      [
        320.0,
        210.0
      ],
      [
        320.0,
        320.0
      ]
    ],
    "right_screen": [
      [
        320.0,
        210.0
      ],
      [
        210.0,
        210.0
      ]
    ],
    "up_screen": [
      [
        320.0,
        210.0
      ],
      [
        320.0,
        210.0
      ]
    ]
  },
  "actual": {
    "forward_screen": [
      [
        320.0,
        210.0
      ],
      [
        320.0,
        320.0
      ]
    ],
    "right_screen": [
      [
        320.0,
        210.0
      ],
      [
        210.0,
        210.0
      ]
    ],
    "up_screen": [
      [
        320.0,
        210.0
      ],
      [
        320.0,
        210.0
      ]
    ]
  },
  "actual_engine_basis": {
    "forward": [
      -1.0,
      0.0,
      1.0495077029659683e-16
    ],
    "right": [
      2.9591850335378436e-18,
      -1.0,
      -1.2694931405592065e-16
    ],
    "up": [
      8.673617379884035e-19,
      -1.249000902703301e-16,
      1.0
    ]
  },
  "max_angle_error_deg": 0.0,
  "visual_projection_error_px": 0.0,
  "visual_projection_angle_error_deg": 0.0,
  "failure_signature": null,
  "pass": true
}
