{
  "schema": "fastdis.orientation_visual_sidecar.v1",
  "engine": "unreal",
  "label": "good",
  "case": "adelaide_heading_135_pitch_20_roll_30",
  "camera": "top_down",
  "config_hash": "sha256:7ddcef59770b466a8d275ebeab61a04d47a8bcaaa3d6651846624be6ac46e4d0",
  "expected": {
    "forward_screen": [
      [
        320.0,
        210.0
      ],
      [
        393.09093268279,
        283.09093268279
      ]
    ],
    "right_screen": [
      [
        320.0,
        210.0
      ],
      [
        265.94049401908,
        290.6624298722
      ]
    ],
    "up_screen": [
      [
        320.0,
        210.0
      ],
      [
        258.07031912991,
        225.85206506048002
      ]
    ]
  },
  "actual": {
    "forward_screen": [
      [
        320.0,
        210.0
      ],
      [
        393.09093268275393,
        283.09093268275467
      ]
    ],
    "right_screen": [
      [
        320.0,
        210.0
      ],
      [
        265.94049401910013,
        290.6624298721758
      ]
    ],
    "up_screen": [
      [
        320.0,
        210.0
      ],
      [
        258.0703191299504,
        225.85206506046916
      ]
    ]
  },
  "actual_engine_basis": {
    "forward": [
      -0.664463024388679,
      0.6644630243886721,
      0.3420201433256657
    ],
    "right": [
      -0.7332948170197799,
      -0.491450054371817,
      -0.46984631039294733
    ],
    "up": [
      -0.14410968236790153,
      -0.5629970988186327,
      0.813797681349379
    ]
  },
  "max_angle_error_deg": 0.0,
  "visual_projection_error_px": 5.0527021182190696e-11,
  "visual_projection_angle_error_deg": 0.0,
  "failure_signature": null,
  "pass": true
}
