{
  "schema": "fastdis.orientation_visual_sidecar.v1",
  "engine": "unreal",
  "label": "good",
  "case": "climb_north_20deg",
  "camera": "side_east",
  "config_hash": "sha256:7ddcef59770b466a8d275ebeab61a04d47a8bcaaa3d6651846624be6ac46e4d0",
  "expected": {
    "forward_screen": [
      [
        320.0,
        210.0
      ],
      [
        423.366188288,
        172.37778423700001
      ]
    ],
    "right_screen": [
      [
        320.0,
        210.0
      ],
      [
        320.0,
        210.0
      ]
    ],
    "up_screen": [
      [
        320.0,
        210.0
      ],
      [
        282.377784237,
        106.633811712
      ]
    ]
  },
  "actual": {
    "forward_screen": [
      [
        320.0,
        210.0
      ],
      [
        423.3661882864499,
        172.37778423417643
      ]
    ],
    "right_screen": [
      [
        320.0,
        210.0
      ],
      [
        320.0,
        210.0
      ]
    ],
    "up_screen": [
      [
        320.0,
        210.0
      ],
      [
        282.37778423417643,
        106.63381171355007
      ]
    ]
  },
  "actual_engine_basis": {
    "forward": [
      0.9396926207859084,
      -1.7347234759768074e-17,
      0.34202014332566877
    ],
    "right": [
      3.813361422201451e-18,
      1.0,
      3.7789094665969197e-17
    ],
    "up": [
      -0.3420201433256688,
      -2.775557561562892e-17,
      0.9396926207859084
    ]
  },
  "max_angle_error_deg": 0.0,
  "visual_projection_error_px": 3.22108083140083e-09,
  "visual_projection_angle_error_deg": 0.0,
  "failure_signature": null,
  "pass": true
}
