{
  "schema": "fastdis.orientation_visual_sidecar.v1",
  "engine": "unreal",
  "label": "good",
  "case": "bank_right_30deg",
  "camera": "perspective",
  "config_hash": "sha256:7ddcef59770b466a8d275ebeab61a04d47a8bcaaa3d6651846624be6ac46e4d0",
  "expected": {
    "forward_screen": [
      [
        320.0,
        210.0
      ],
      [
        397.78174593052023,
        165.0926880453084
      ]
    ],
    "right_screen": [
      [
        320.0,
        210.0
      ],
      [
        252.63903207225218,
        216.01643898005725
      ]
    ],
    "up_screen": [
      [
        320.0,
        210.0
      ],
      [
        281.10912703473986,
        109.76459809391174
      ]
    ]
  },
  "actual": {
    "forward_screen": [
      [
        320.0,
        210.0
      ],
      [
        397.78174593052023,
        165.09268804530842
      ]
    ],
    "right_screen": [
      [
        320.0,
        210.0
      ],
      [
        252.6390320734626,
        216.01643898075605
      ]
    ],
    "up_screen": [
      [
        320.0,
        210.0
      ],
      [
        281.10912703473986,
        109.76459809530938
      ]
    ]
  },
  "actual_engine_basis": {
    "forward": [
      1.0,
      -4.85722573273506e-17,
      -1.0148132334464322e-16
    ],
    "right": [
      5.551115123125782e-17,
      0.8660254037844387,
      -0.49999999999999994
    ],
    "up": [
      -2.7755575615628914e-17,
      0.5,
      0.8660254037844387
    ]
  },
  "max_angle_error_deg": 0.0,
  "visual_projection_error_px": 1.3976600117538782e-09,
  "visual_projection_angle_error_deg": 1.2074182697257333e-06,
  "failure_signature": null,
  "pass": true
}
