{
  "schema": "fastdis.orientation_visual_sidecar.v1",
  "engine": "godot",
  "label": "good",
  "case": "adelaide_heading_135_pitch_20_roll_30",
  "camera": "side_east",
  "config_hash": "sha256:e90fd8aceee0d00af42f78193fbb979c5912ac9650676dc0f8ee6ea316e17402",
  "expected": {
    "forward_screen": [
      [
        320.0,
        210.0
      ],
      [
        393.09093268279,
        136.90906731721
      ]
    ],
    "right_screen": [
      [
        320.0,
        210.0
      ],
      [
        265.94049401908,
        129.3375701278
      ]
    ],
    "up_screen": [
      [
        320.0,
        210.0
      ],
      [
        258.07031912991,
        194.14793493951998
      ]
    ]
  },
  "actual": {
    "forward_screen": [
      [
        320.0,
        210.0
      ],
      [
        393.09093268275393,
        136.90906731724533
      ]
    ],
    "right_screen": [
      [
        320.0,
        210.0
      ],
      [
        265.94049401910013,
        129.33757012782422
      ]
    ],
    "up_screen": [
      [
        320.0,
        210.0
      ],
      [
        258.0703191299504,
        194.14793493953084
      ]
    ]
  },
  "actual_engine_basis": {
    "forward": [
      0.6644630243886721,
      0.3420201433256657,
      0.664463024388679
    ],
    "right": [
      -0.491450054371817,
      -0.46984631039294733,
      0.7332948170197799
    ],
    "up": [
      -0.5629970988186327,
      0.813797681349379,
      0.14410968236790153
    ]
  },
  "max_angle_error_deg": 0.0,
  "visual_projection_error_px": 5.050713699017746e-11,
  "visual_projection_angle_error_deg": 0.0,
  "failure_signature": null,
  "pass": true
}
