{
  "schema": "fastdis.orientation_visual_sidecar.v1",
  "engine": "godot",
  "label": "good",
  "case": "climb_north_20deg",
  "camera": "perspective",
  "config_hash": "sha256:e90fd8aceee0d00af42f78193fbb979c5912ac9650676dc0f8ee6ea316e17402",
  "expected": {
    "forward_screen": [
      [
        320.0,
        210.0
      ],
      [
        293.3970761107193,
        279.0389340472766
      ]
    ],
    "right_screen": [
      [
        320.0,
        210.0
      ],
      [
        397.78174593052023,
        165.0926880453084
      ]
    ],
    "up_screen": [
      [
        320.0,
        210.0
      ],
      [
        246.9090673161497,
        137.08251980005204
      ]
    ]
  },
  "actual": {
    "forward_screen": [
      [
        320.0,
        210.0
      ],
      [
        293.39707610872273,
        279.03893404485825
      ]
    ],
    "right_screen": [
      [
        320.0,
        210.0
      ],
      [
        397.78174593052023,
        165.0926880453084
      ]
    ],
    "up_screen": [
      [
        320.0,
        210.0
      ],
      [
        246.90906731724576,
        137.08251979837945
      ]
    ]
  },
  "actual_engine_basis": {
    "forward": [
      -1.7347234759768074e-17,
      0.34202014332566877,
      -0.9396926207859084
    ],
    "right": [
      1.0,
      3.7789094665969197e-17,
      -3.813361422201451e-18
    ],
    "up": [
      -2.775557561562892e-17,
      0.9396926207859084,
      0.3420201433256688
    ]
  },
  "max_angle_error_deg": 0.0,
  "visual_projection_error_px": 3.1360299937530733e-09,
  "visual_projection_angle_error_deg": 0.0,
  "failure_signature": null,
  "pass": true
}
