{
  "schema": "fastdis.orientation_visual_sidecar.v1",
  "engine": "godot",
  "label": "good",
  "case": "level_east",
  "camera": "perspective",
  "config_hash": "sha256:e90fd8aceee0d00af42f78193fbb979c5912ac9650676dc0f8ee6ea316e17402",
  "expected": {
    "forward_screen": [
      [
        320.0,
        210.0
      ],
      [
        397.78174593052023,
        165.0926880453084
      ]
    ],
    "right_screen": [
      [
        320.0,
        210.0
      ],
      [
        320.0,
        120.1853761016168
      ]
    ],
    "up_screen": [
      [
        320.0,
        210.0
      ],
      [
        242.21825406947977,
        165.0926880453084
      ]
    ]
  },
  "actual": {
    "forward_screen": [
      [
        320.0,
        210.0
      ],
      [
        397.78174593052023,
        165.0926880453084
      ]
    ],
    "right_screen": [
      [
        320.0,
        210.0
      ],
      [
        320.0,
        120.1853761016168
      ]
    ],
    "up_screen": [
      [
        320.0,
        210.0
      ],
      [
        242.21825406947977,
        165.0926880453084
      ]
    ]
  },
  "actual_engine_basis": {
    "forward": [
      1.0,
      -6.938893903907228e-17,
      -3.469446951953614e-17
    ],
    "right": [
      4.85722573273506e-17,
      -6.591949208711867e-17,
      1.0
    ],
    "up": [
      8.326672684688674e-17,
      1.0,
      1.0148132334464322e-16
    ]
  },
  "max_angle_error_deg": 0.0,
  "visual_projection_error_px": 0.0,
  "visual_projection_angle_error_deg": 0.0,
  "failure_signature": null,
  "pass": true
}
