{
  "schema": "fastdis.orientation_visual_sidecar.v1",
  "engine": "godot",
  "label": "good",
  "case": "level_north",
  "camera": "side_east",
  "config_hash": "sha256:e90fd8aceee0d00af42f78193fbb979c5912ac9650676dc0f8ee6ea316e17402",
  "expected": {
    "forward_screen": [
      [
        320.0,
        210.0
      ],
      [
        320.0,
        320.0
      ]
    ],
    "right_screen": [
      [
        320.0,
        210.0
      ],
      [
        430.0,
        210.0
      ]
    ],
    "up_screen": [
      [
        320.0,
        210.0
      ],
      [
        320.0,
        210.0
      ]
    ]
  },
  "actual": {
    "forward_screen": [
      [
        320.0,
        210.0
      ],
      [
        320.0,
        320.0
      ]
    ],
    "right_screen": [
      [
        320.0,
        210.0
      ],
      [
        430.0,
        210.0
      ]
    ],
    "up_screen": [
      [
        320.0,
        210.0
      ],
      [
        320.0,
        210.0
      ]
    ]
  },
  "actual_engine_basis": {
    "forward": [
      -4.85722573273506e-17,
      -1.0148132334464322e-16,
      -1.0
    ],
    "right": [
      1.0,
      4.36825872090339e-17,
      -4.5613072293812755e-17
    ],
    "up": [
      -4.163336342344337e-17,
      1.0,
      -4.7704895589362195e-18
    ]
  },
  "max_angle_error_deg": 0.0,
  "visual_projection_error_px": 0.0,
  "visual_projection_angle_error_deg": 0.0,
  "failure_signature": null,
  "pass": true
}
