{
  "schema": "fastdis.orientation_visual_sidecar.v1",
  "engine": "godot",
  "label": "good",
  "case": "adelaide_heading_135_pitch_20_roll_30",
  "camera": "perspective",
  "config_hash": "sha256:e90fd8aceee0d00af42f78193fbb979c5912ac9650676dc0f8ee6ea316e17402",
  "expected": {
    "forward_screen": [
      [
        320.0,
        210.0
      ],
      [
        345.0801702519472,
        105.12304978039604
      ]
    ],
    "right_screen": [
      [
        320.0,
        210.0
      ],
      [
        318.3196230746774,
        187.30863753612783
      ]
    ],
    "up_screen": [
      [
        320.0,
        210.0
      ],
      [
        212.91049821050615,
        185.79406307990953
      ]
    ]
  },
  "actual": {
    "forward_screen": [
      [
        320.0,
        210.0
      ],
      [
        345.0801702519477,
        105.12304978045461
      ]
    ],
    "right_screen": [
      [
        320.0,
        210.0
      ],
      [
        318.31962307468757,
        187.308637536137
      ]
    ],
    "up_screen": [
      [
        320.0,
        210.0
      ],
      [
        212.91049821050524,
        185.79406307988484
      ]
    ]
  },
  "actual_engine_basis": {
    "forward": [
      0.6644630243886721,
      0.3420201433256657,
      0.664463024388679
    ],
    "right": [
      -0.491450054371817,
      -0.46984631039294733,
      0.7332948170197799
    ],
    "up": [
      -0.5629970988186327,
      0.813797681349379,
      0.14410968236790153
    ]
  },
  "max_angle_error_deg": 0.0,
  "visual_projection_error_px": 5.856516680165249e-11,
  "visual_projection_angle_error_deg": 1.2074182697257333e-06,
  "failure_signature": null,
  "pass": true
}
