{
  "schema": "fastdis.orientation_visual_sidecar.v1",
  "engine": "godot",
  "label": "good",
  "case": "climb_north_20deg",
  "camera": "side_east",
  "config_hash": "sha256:e90fd8aceee0d00af42f78193fbb979c5912ac9650676dc0f8ee6ea316e17402",
  "expected": {
    "forward_screen": [
      [
        320.0,
        210.0
      ],
      [
        320.0,
        313.366188288
      ]
    ],
    "right_screen": [
      [
        320.0,
        210.0
      ],
      [
        430.0,
        210.0
      ]
    ],
    "up_screen": [
      [
        320.0,
        210.0
      ],
      [
        320.0,
        172.37778423700001
      ]
    ]
  },
  "actual": {
    "forward_screen": [
      [
        320.0,
        210.0
      ],
      [
        320.0,
        313.3661882864499
      ]
    ],
    "right_screen": [
      [
        320.0,
        210.0
      ],
      [
        430.0,
        210.0
      ]
    ],
    "up_screen": [
      [
        320.0,
        210.0
      ],
      [
        320.0,
        172.37778423417643
      ]
    ]
  },
  "actual_engine_basis": {
    "forward": [
      -1.7347234759768074e-17,
      0.34202014332566877,
      -0.9396926207859084
    ],
    "right": [
      1.0,
      3.7789094665969197e-17,
      -3.813361422201451e-18
    ],
    "up": [
      -2.775557561562892e-17,
      0.9396926207859084,
      0.3420201433256688
    ]
  },
  "max_angle_error_deg": 0.0,
  "visual_projection_error_px": 2.8235831450729165e-09,
  "visual_projection_angle_error_deg": 0.0,
  "failure_signature": null,
  "pass": true
}
