{
  "schema": "fastdis.orientation_visual_sidecar.v1",
  "engine": "godot",
  "label": "good",
  "case": "bank_right_30deg",
  "camera": "perspective",
  "config_hash": "sha256:e90fd8aceee0d00af42f78193fbb979c5912ac9650676dc0f8ee6ea316e17402",
  "expected": {
    "forward_screen": [
      [
        320.0,
        210.0
      ],
      [
        320.0,
        299.8146238983832
      ]
    ],
    "right_screen": [
      [
        320.0,
        210.0
      ],
      [
        426.2518408930079,
        193.56278300821143
      ]
    ],
    "up_screen": [
      [
        320.0,
        210.0
      ],
      [
        291.5299050375123,
        148.65547105351982
      ]
    ]
  },
  "actual": {
    "forward_screen": [
      [
        320.0,
        210.0
      ],
      [
        320.0,
        299.8146238983832
      ]
    ],
    "right_screen": [
      [
        320.0,
        210.0
      ],
      [
        426.25184089179754,
        193.56278300891026
      ]
    ],
    "up_screen": [
      [
        320.0,
        210.0
      ],
      [
        291.5299050387227,
        148.65547105421865
      ]
    ]
  },
  "actual_engine_basis": {
    "forward": [
      -4.85722573273506e-17,
      -1.0148132334464322e-16,
      -1.0
    ],
    "right": [
      0.8660254037844387,
      -0.49999999999999994,
      -5.551115123125782e-17
    ],
    "up": [
      0.5,
      0.8660254037844387,
      2.7755575615628914e-17
    ]
  },
  "max_angle_error_deg": 0.0,
  "visual_projection_error_px": 1.3976249946555632e-09,
  "visual_projection_angle_error_deg": 1.2074182697257333e-06,
  "failure_signature": null,
  "pass": true
}
