{
  "schema": "fastdis.orientation_visual_sidecar.v1",
  "engine": "godot",
  "label": "good",
  "case": "level_west",
  "camera": "perspective",
  "config_hash": "sha256:e90fd8aceee0d00af42f78193fbb979c5912ac9650676dc0f8ee6ea316e17402",
  "expected": {
    "forward_screen": [
      [
        320.0,
        210.0
      ],
      [
        242.21825406947977,
        254.9073119546916
      ]
    ],
    "right_screen": [
      [
        320.0,
        210.0
      ],
      [
        320.0,
        299.8146238983832
      ]
    ],
    "up_screen": [
      [
        320.0,
        210.0
      ],
      [
        242.21825406947977,
        165.0926880453084
      ]
    ]
  },
  "actual": {
    "forward_screen": [
      [
        320.0,
        210.0
      ],
      [
        242.21825406947977,
        254.90731195469164
      ]
    ],
    "right_screen": [
      [
        320.0,
        210.0
      ],
      [
        320.0,
        299.8146238983832
      ]
    ],
    "up_screen": [
      [
        320.0,
        210.0
      ],
      [
        242.21825406947974,
        165.0926880453084
      ]
    ]
  },
  "actual_engine_basis": {
    "forward": [
      -1.0,
      -1.6653345369377348e-16,
      -9.020562075079397e-17
    ],
    "right": [
      8.326672684688674e-17,
      5.551115123125783e-17,
      -1.0
    ],
    "up": [
      -1.5265566588595902e-16,
      1.0,
      1.1188966420050406e-16
    ]
  },
  "max_angle_error_deg": 0.0,
  "visual_projection_error_px": 2.842170943040401e-14,
  "visual_projection_angle_error_deg": 0.0,
  "failure_signature": null,
  "pass": true
}
