{
  "schema": "fastdis.orientation_visual_sidecar.v1",
  "engine": "godot",
  "label": "good",
  "case": "near_pole_level_north",
  "camera": "perspective",
  "config_hash": "sha256:e90fd8aceee0d00af42f78193fbb979c5912ac9650676dc0f8ee6ea316e17402",
  "expected": {
    "forward_screen": [
      [
        320.0,
        210.0
      ],
      [
        320.0,
        299.8146238983832
      ]
    ],
    "right_screen": [
      [
        320.0,
        210.0
      ],
      [
        397.78174593052023,
        165.0926880453084
      ]
    ],
    "up_screen": [
      [
        320.0,
        210.0
      ],
      [
        242.21825406947977,
        165.0926880453084
      ]
    ]
  },
  "actual": {
    "forward_screen": [
      [
        320.0,
        210.0
      ],
      [
        320.0,
        299.8146238983832
      ]
    ],
    "right_screen": [
      [
        320.0,
        210.0
      ],
      [
        397.78174593052023,
        165.09268804530836
      ]
    ],
    "up_screen": [
      [
        320.0,
        210.0
      ],
      [
        242.21825406947974,
        165.0926880453084
      ]
    ]
  },
  "actual_engine_basis": {
    "forward": [
      1.2246467989608288e-16,
      -1.5734484028195883e-17,
      -1.0
    ],
    "right": [
      1.0,
      1.2246681732661713e-16,
      1.2246467989608288e-16
    ],
    "up": [
      -1.2246681732661713e-16,
      1.0,
      -1.5734484028195883e-17
    ]
  },
  "max_angle_error_deg": 0.0,
  "visual_projection_error_px": 2.842170943040401e-14,
  "visual_projection_angle_error_deg": 0.0,
  "failure_signature": null,
  "pass": true
}
