{
  "schema": "fastdis.orientation_visual_sidecar.v1",
  "engine": "godot",
  "label": "good",
  "case": "bank_right_30deg",
  "camera": "top_down",
  "config_hash": "sha256:e90fd8aceee0d00af42f78193fbb979c5912ac9650676dc0f8ee6ea316e17402",
  "expected": {
    "forward_screen": [
      [
        320.0,
        210.0
      ],
      [
        320.0,
        210.0
      ]
    ],
    "right_screen": [
      [
        320.0,
        210.0
      ],
      [
        265.0,
        114.737205582
      ]
    ],
    "up_screen": [
      [
        320.0,
        210.0
      ],
      [
        415.262794418,
        155.0
      ]
    ]
  },
  "actual": {
    "forward_screen": [
      [
        320.0,
        210.0
      ],
      [
        320.0,
        210.0
      ]
    ],
    "right_screen": [
      [
        320.0,
        210.0
      ],
      [
        265.0,
        114.73720558371174
      ]
    ],
    "up_screen": [
      [
        320.0,
        210.0
      ],
      [
        415.2627944162883,
        155.0
      ]
    ]
  },
  "actual_engine_basis": {
    "forward": [
      -4.85722573273506e-17,
      -1.0148132334464322e-16,
      -1.0
    ],
    "right": [
      0.8660254037844387,
      -0.49999999999999994,
      -5.551115123125782e-17
    ],
    "up": [
      0.5,
      0.8660254037844387,
      2.7755575615628914e-17
    ]
  },
  "max_angle_error_deg": 0.0,
  "visual_projection_error_px": 1.711740083010227e-09,
  "visual_projection_angle_error_deg": 0.0,
  "failure_signature": null,
  "pass": true
}
